{"cameraMode":{"drawMode":0,"name":"Shaded","section":"Shading Mode"},"sceneLighting":false,"audioPlay":false,"sceneViewState":{"m_AlwaysRefresh":false,"showFog":false,"showSkybox":false,"showFlares":false,"showImageEffects":false,"showParticleSystems":false,"showVisualEffectGraphs":true,"m_FxEnabled":true},"in2DMode":false,"pivot":{"x":0.4494468867778778,"y":0.8707068562507629,"z":0.5547221899032593},"rotation":{"x":0.037007998675107959,"y":0.9557673335075378,"z":-0.2586388885974884,"w":0.1359018087387085},"size":0.7744938135147095,"orthographic":false}