{"cameraMode":{"drawMode":0,"name":"Shaded","section":"Shading Mode"},"sceneLighting":false,"audioPlay":false,"sceneViewState":{"m_AlwaysRefresh":false,"showFog":true,"showSkybox":false,"showFlares":true,"showImageEffects":true,"showParticleSystems":true,"showVisualEffectGraphs":true,"m_FxEnabled":true},"in2DMode":false,"pivot":{"x":0.0005664825439453125,"y":0.8154855370521545,"z":-0.11107958853244782},"rotation":{"x":-0.13782337307929994,"y":0.028774885460734369,"z":-0.004406865686178207,"w":-0.9901912212371826},"size":1.0987454652786255,"orthographic":false}